season,week,market,player_id,player,team,position,value,score,naive,actual,void
2026,5,td,00-0036997,Javonte Williams,DAL,RB,0.6328058194776938,99.22532093846836,0.5833333333333334,1.0,False
2026,5,td,00-0036358,CeeDee Lamb,DAL,WR,0.476199976958281,94.77644975652944,0.4166666666666667,0.0,False
2026,5,td,00-0037247,George Pickens,DAL,WR,0.3129156350215429,79.19433377600708,0.25,1.0,False
2026,5,td,00-0039361,Bucky Irving,TB,RB,0.30742695848167,78.1319167773351,0.3333333333333333,1.0,False
2026,5,td,00-0039410,Ryan Flournoy,DAL,WR,0.2788164842433808,72.42142540947322,0.3333333333333333,0.0,False
2026,5,td_long,00-0038951,Sean Tucker,TB,RB,0.2143677816522873,57.32625055334218,0.5,0.0,False
2026,5,td_long,00-0038041,Jake Ferguson,DAL,TE,0.2597044330486981,68.21602478972997,0.3333333333333333,0.0,False
2026,5,td_long,00-0036919,Kenny Gainwell,TB,RB,0.2012403279571046,53.6963258078796,0.4166666666666667,0.0,False
2026,5,passing_yards,00-0033077,Dak Prescott,DAL,QB,284.762285336849,98.44020797227036,266.25,316.0,False
2026,5,passing_tds,00-0033077,Dak Prescott,DAL,QB,2.257467070101232,95.66724436741768,2.0,1.0,False
2026,5,rushing_yards,00-0036997,Javonte Williams,DAL,RB,66.1058533450764,87.5,57.75,45.0,False
2026,5,rushing_yards,00-0039361,Bucky Irving,TB,RB,57.38609761848795,77.92857142857143,60.25,165.0,False
2026,5,receiving_yards,00-0036358,CeeDee Lamb,DAL,WR,77.99484766338578,98.2858803021499,124.5,9.0,False
2026,5,receiving_yards,00-0037247,George Pickens,DAL,WR,59.30705512426274,86.80999418942476,56.25,130.0,False
2026,5,receptions,00-0036358,CeeDee Lamb,DAL,WR,6.125038516187688,97.32713538640326,9.25,2.0,False
2026,5,receptions,00-0037247,George Pickens,DAL,WR,4.170727521464627,78.15223707147008,4.5,9.0,False
2026,5,td,00-0039139,Jahmyr Gibbs,DET,RB,0.6876082699290249,99.77866312527667,0.6666666666666666,,False
2026,5,td,00-0038542,Bijan Robinson,ATL,RB,0.6079744145131338,98.73837981407702,0.6666666666666666,,False
2026,5,td,00-0037840,Kyren Williams,LA,RB,0.5761343129923867,98.09650287737938,0.5833333333333334,,False
2026,5,td,00-0037248,James Cook,BUF,RB,0.5742666271725037,98.09650287737938,0.5833333333333334,,False
2026,5,td,00-0039075,Puka Nacua,LA,WR,0.5166059216798842,96.48074369189908,0.5833333333333334,,False
2026,5,td,00-0036223,Jonathan Taylor,IND,RB,0.5149801123608051,96.45861000442673,0.5833333333333334,,False
2026,5,td,00-0036963,Amon-Ra St. Brown,DET,WR,0.5079247554275168,96.3036741921204,0.4166666666666667,,False
2026,5,td,00-0033280,Christian McCaffrey,SF,RB,0.4943706602118893,95.61752988047809,0.75,,False
2026,5,td,00-0032764,Derrick Henry,BAL,RB,0.4942467600925025,95.61752988047809,0.75,,False
2026,5,td,00-0038597,Chase Brown,CIN,RB,0.48109481286053873,95.0199203187251,0.4166666666666667,,False
2026,5,td,00-0040122,Ashton Jeanty,LV,RB,0.4671261935894742,94.35590969455512,0.25,,False
2026,5,td,00-0038543,Jaxon Smith-Njigba,SEA,WR,0.4565167535434084,93.91323594510845,0.5,,False
2026,5,td,00-0031381,Davante Adams,LA,WR,0.44993894337905765,93.6697653829128,0.5833333333333334,,False
2026,5,td,00-0037744,Trey McBride,ARI,TE,0.4351996225101345,92.82868525896414,0.5,,False
2026,5,td,00-0041027,Jeremiyah Love,ARI,RB,0.4326442574041383,92.71801682160248,0.5,,False
2026,5,td,00-0036275,D'Andre Swift,CHI,RB,0.41010215758910984,91.34572819831784,0.3333333333333333,,False
2026,5,td,00-0038120,Breece Hall,NYJ,RB,0.4020655587964014,90.61531651173085,0.4166666666666667,,False
2026,5,td,00-0038559,Michael Wilson,ARI,WR,0.39401082911364727,89.88490482514388,0.5,,False
2026,5,td,00-0039065,Sam LaPorta,DET,TE,0.387883351209341,89.37583001328021,0.4166666666666667,,False
2026,5,td,00-0034857,Josh Allen,BUF,QB,0.3788573645296739,88.4240814519699,0.6666666666666666,,False
2026,5,td,00-0036410,Tee Higgins,CIN,WR,0.37872662196360163,88.4240814519699,0.5833333333333334,,False
2026,5,td,00-0040236,Kyle Monangai,CHI,RB,0.37107597718623053,87.6272687029659,0.4166666666666667,,False
2026,5,td,00-0040666,Omarion Hampton,LAC,RB,0.3696692239658942,87.47233289065959,0.6666666666666666,,False
2026,5,td,00-0040719,Bhayshul Tuten,JAX,RB,0.35942879052598387,86.36564851704294,0.5833333333333334,,False
2026,5,td,00-0033293,Aaron Jones,MIN,RB,0.35421309899862913,85.52456839309428,0.25,,False
2026,5,td,00-0037228,Jaylen Warren,PIT,RB,0.35252271239853455,85.23683045595396,0.3333333333333333,,False
2026,5,td,00-0036900,Ja'Marr Chase,CIN,WR,0.35059371776763565,84.9933598937583,0.3333333333333333,,False
2026,5,td,00-0038124,Christian Watson,GB,WR,0.3494569265711935,84.9933598937583,0.5833333333333334,,False
2026,5,td,00-0037239,Chris Olave,NO,WR,0.3460923981228619,84.52855245683931,0.5,,False
2026,5,td,00-0039338,Brock Bowers,LV,TE,0.3449793771622219,84.37361664453297,0.5,,False
2026,5,td,00-0038606,Parker Washington,JAX,WR,0.3396105179884701,83.68747233289065,0.5,,False
2026,5,td,00-0040715,Cam Skattebo,NYG,RB,0.3295835377089496,81.8946436476317,0.5,,False
2026,5,td,00-0036875,Rhamondre Stevenson,NE,RB,0.3266023418252433,81.25276671093404,0.4166666666666667,,False
2026,5,td,00-0040730,RJ Harvey,DEN,RB,0.3227675403610245,80.74369189907038,0.5,,False
2026,5,td,00-0033288,George Kittle,SF,TE,0.3219202948061426,80.50022133687472,0.5833333333333334,,False
2026,5,td,00-0035640,DK Metcalf,PIT,WR,0.3187301060158395,80.1460823373174,0.25,,False
2026,5,td,00-0039040,De'Von Achane,MIA,RB,0.3143056060842963,79.5484727755644,0.4166666666666667,,False
2026,5,td,00-0031588,Stefon Diggs,WAS,WR,0.31319484942156817,79.2828685258964,0.3333333333333333,,False
2026,5,td,00-0040734,TreVeyon Henderson,NE,RB,0.312769834527807,79.15006640106242,0.4166666666666667,,False
2026,5,td,00-0037740,Garrett Wilson,NYJ,WR,0.31139135946898494,78.9951305887561,0.5,,False
2026,5,td,00-0039064,Zay Flowers,BAL,WR,0.3090706170910323,78.4639220894201,0.5,,False
2026,5,td,00-0036973,Travis Etienne,NO,RB,0.30682609368022257,78.0655157149181,0.5,,False
2026,5,td,00-0038797,Emanuel Wilson,SEA,RB,0.3067547985415367,78.0655157149181,0.25,,False
2026,5,td,00-0033110,Tyler Higbee,LA,TE,0.3066405578364812,78.02124833997344,0.3333333333333333,,False
2026,5,td,00-0036554,Nico Collins,HOU,WR,0.3009852071805883,76.80389552899513,0.4166666666666667,,False
2026,5,td,00-0034960,Jakobi Meyers,JAX,WR,0.29998575672047345,76.49402390438247,0.4166666666666667,,False
2026,5,td,00-0037240,Jameson Williams,DET,WR,0.2981240584410113,76.11775121735282,0.25,,False
2026,5,td,00-0035261,Tony Pollard,TEN,RB,0.29804153675376444,76.07348384240814,0.25,,False
2026,5,td,00-0037238,Drake London,ATL,WR,0.2929625041453593,75.05533421868084,0.3333333333333333,,False
2026,5,td,00-0035659,Terry McLaurin,WAS,WR,0.292948376301733,75.05533421868084,0.3333333333333333,,False
2026,5,td,00-0040784,Quinshon Judkins,CLE,RB,0.2871293618004565,74.03718459495352,0.16666666666666666,,False
2026,5,td,00-0035685,David Montgomery,HOU,RB,0.28540090316150335,73.66091190792386,0.3333333333333333,,False
2026,5,td,00-0035537,Ty Johnson,BUF,RB,0.2820478041033603,73.17397078353254,0.3333333333333333,,False
2026,5,td,00-0036322,Justin Jefferson,MIN,WR,0.27929727541857474,72.55422753430722,0.08333333333333333,,False
2026,5,td,00-0036139,Rico Dowdle,PIT,RB,0.2778049805041565,72.08942009738823,0.25,,False
2026,5,td,00-0036613,Jaylen Waddle,DEN,WR,0.2761167759518875,71.69101372288623,0.25,,False
2026,5,td,00-0035719,Deebo Samuel Sr.,SF,WR,0.27609625388906345,71.66888003541389,0.4166666666666667,,False
2026,5,td,00-0038611,Chris Rodriguez Jr.,JAX,RB,0.2751431685650589,71.60247897299689,0.5833333333333334,,False
2026,5,td,00-0031408,Mike Evans,SF,WR,0.2700944473315671,70.76139884904825,0.4166666666666667,,False
2026,5,td,00-0036244,Colby Parkinson,LA,TE,0.2675663350163892,70.2523240371846,0.5,,False
2026,5,td_long,00-0033090,Hunter Henry,NE,TE,0.2527883700988981,66.290393979637,0.25,,False
2026,5,td_long,00-0036158,J.K. Dobbins,DEN,RB,0.24679290788000263,65.16157591854804,0.16666666666666666,,False
2026,5,td_long,00-0040737,Terrance Ferguson,LA,TE,0.22428718231463735,60.00442673749446,0.3333333333333333,,False
2026,5,td_long,00-0040669,Isaac TeSlaa,DET,WR,0.21722883278481062,58.1451969898185,0.3333333333333333,,False
2026,5,td_long,00-0034829,Mike Gesicki,CIN,TE,0.2151942866342228,57.61398849048251,0.4166666666666667,,False
2026,5,td_long,00-0034383,Dalton Schultz,HOU,TE,0.2080231770103122,55.48915449313856,0.16666666666666666,,False
2026,5,td_long,00-0033526,Samaje Perine,CIN,RB,0.174792540512638,45.37405931828243,0.25,,False
2026,5,td_long,00-0039732,Bo Nix,DEN,QB,0.16956709958534533,43.559096945551126,0.25,,False
2026,5,td_long,00-0039851,Drake Maye,NE,QB,0.1655791760979912,42.076139884904826,0.08333333333333333,,False
2026,5,td_long,00-0036971,Trevor Lawrence,JAX,QB,0.16523159327037484,41.92120407259849,0.3333333333333333,,False
2026,5,td_long,00-0041489,Germie Bernard,PIT,WR,0.1443980335033862,34.39575033200531,0.0,,False
2026,5,td_long,00-0038476,Tommy DeVito,NE,QB,0.11359451493977799,20.73926516157592,0.08333333333333333,,False
2026,5,td_long,00-0035631,Drew Sample,CIN,TE,0.10305316331120395,14.984506418769367,0.08333333333333333,,False
2026,5,td_long,00-0039814,Erick All,CIN,TE,0.10249515527800242,14.763169544046036,0.0,,False
2026,5,td_long,00-0034981,Foster Moreau,HOU,TE,0.10083183390982423,13.899955732625054,0.08333333333333333,,False
2026,5,td_long,00-0040208,Tahj Brooks,CIN,RB,0.07710500936405185,3.82912793271359,0.0,,False
2026,5,td_long,00-0040735,Luther Burden III,CHI,WR,0.2655378665611154,69.74324922532094,0.16666666666666666,,False
2026,5,td_long,00-0034827,DJ Moore,BUF,WR,0.2617617631006957,68.8357680389553,0.3333333333333333,,False
2026,5,td_long,00-0040128,Tyler Warren,IND,TE,0.26067527221663406,68.4373616644533,0.25,,False
2026,5,td_long,00-0040242,Jacory Croskey-Merritt,WAS,RB,0.2566213918485096,67.41921204072598,0.3333333333333333,,False
2026,5,td_long,00-0038935,Brenton Strange,JAX,TE,0.25555985013897325,67.06507304116866,0.3333333333333333,,False
2026,5,td_long,00-0039901,Keon Coleman,BUF,WR,0.253028791801132,66.356795042054,0.3333333333333333,,False
2026,5,td_long,00-0034348,Courtland Sutton,DEN,WR,0.2511534790685743,65.89198760513501,0.25,,False
2026,5,td_long,00-0037816,Romeo Doubs,NE,WR,0.25055902026563315,65.80345285524568,0.25,,False
2026,5,td_long,00-0037261,Khalil Shakir,BUF,WR,0.2498251104441133,65.71491810535636,0.08333333333333333,,False
2026,5,td_long,00-0033555,Mack Hollins,NE,WR,0.24762063057583789,65.29437804338203,0.0,,False
2026,5,td_long,00-0036894,Pat Freiermuth,PIT,TE,0.24131466347396482,64.12129260734838,0.25,,False
2026,5,td_long,00-0037263,Tyler Allgeier,ARI,RB,0.23973745436505955,63.54581673306773,0.25,,False
2026,5,td_long,00-0040583,Woody Marks,HOU,RB,0.2364758494018239,62.70473660911908,0.3333333333333333,,False
2026,5,td_long,00-0037838,Isaiah Likely,NYG,TE,0.23567163936871274,62.52766710934041,0.16666666666666666,,False
2026,5,td_long,00-0039738,Blake Corum,LA,RB,0.23518250160520818,62.43913235945109,0.3333333333333333,,False
2026,5,td_long,00-0039739,Roman Wilson,PIT,WR,0.23309515507646345,61.841522797698104,0.3333333333333333,,False
2026,5,td_long,00-0041040,Antonio Williams,WAS,WR,0.2288716549905791,61.08897742363878,0.25,,False
2026,5,td_long,00-0039890,Adonai Mitchell,NYJ,WR,0.22667158445607175,60.579902611775125,0.16666666666666666,,False
2026,5,td_long,00-0034753,Mark Andrews,BAL,TE,0.22635404695664113,60.513501549358125,0.16666666666666666,,False
2026,5,td_long,00-0039919,Rome Odunze,CHI,WR,0.2240860908713606,59.98229305002213,0.08333333333333333,,False
2026,5,td_long,00-0039893,Brian Thomas Jr.,JAX,WR,0.22012496275219942,58.831341301460824,0.16666666666666666,,False
2026,5,td_long,00-0039793,AJ Barner,SEA,TE,0.21990481885068738,58.74280655157149,0.25,,False
2026,5,td_long,00-0037256,Rachaad White,WAS,RB,0.20758626331581162,55.26781761841523,0.08333333333333333,,False
2026,5,td_long,00-0037809,Chig Okonkwo,WAS,TE,0.203969780351749,54.55953961930058,0.16666666666666666,,False
2026,5,td_long,00-0037746,Brian Robinson,ATL,RB,0.20079396934132834,53.51925630810093,0.25,,False
2026,5,td_long,00-0039910,Jayden Daniels,WAS,QB,0.19800012284029359,52.74457724656928,0.16666666666666666,,False
2026,5,td_long,00-0037157,Bam Knight,ARI,RB,0.19668396636637492,52.39043824701195,0.4166666666666667,,False
2026,5,td_long,00-0041512,Jadarian Price,SEA,RB,0.193609882817174,51.8149623727313,0.0,,False
2026,5,td_long,00-0040648,Tory Horton,SEA,WR,0.1933437100575085,51.7485613103143,0.5,,False
2026,5,td_long,00-0037545,Rashid Shaheed,SEA,WR,0.1913856786258793,51.06241699867198,0.08333333333333333,,False
2026,5,td_long,00-0033699,Austin Ekeler,WAS,RB,0.1886366964561078,50.332005312084995,0.16666666666666666,,False
2026,5,td_long,00-0032464,Kalif Raymond,CHI,WR,0.18657943394236456,49.734395750332006,0.16666666666666666,,False
2026,5,td_long,00-0036970,Kyle Pitts,ATL,TE,0.17692049923911857,46.23727312970341,0.16666666666666666,,False
2026,5,td_long,00-0038621,DeMario Douglas,NE,WR,0.17513828862849143,45.50686144311643,0.0,,False
2026,5,passing_yards,00-0033106,Jared Goff,DET,QB,288.13582556203943,99.13344887348353,303.5,,False
2026,5,passing_yards,00-0033119,Jacoby Brissett,ARI,QB,262.10193013111876,88.0415944540728,204.5,,False
2026,5,passing_yards,00-0026498,Matthew Stafford,LA,QB,259.8691512442884,87.00173310225303,297.25,,False
2026,5,passing_yards,00-0036442,Joe Burrow,CIN,QB,245.87030329076586,74.87001733102254,292.75,,False
2026,5,passing_yards,00-0036264,Jordan Love,GB,QB,235.57508385657633,65.16464471403813,260.25,,False
2026,5,passing_yards,00-0029604,Kirk Cousins,LV,QB,235.02132212967967,64.29809358752166,256.5,,False
2026,5,passing_yards,00-0039851,Drake Maye,NE,QB,232.43949818549774,61.69844020797227,213.5,,False
2026,5,passing_yards,00-0030565,Geno Smith,NYJ,QB,231.55854840262344,61.005199306759096,225.5,,False
2026,5,passing_yards,00-0037834,Brock Purdy,SF,QB,230.9420604731589,60.831889081455806,251.75,,False
2026,5,passing_yards,00-0023459,Aaron Rodgers,PIT,QB,230.13449544321472,60.65857885615251,249.75,,False
2026,5,passing_yards,00-0039918,Caleb Williams,CHI,QB,225.628518430788,55.80589254766031,237.25,,False
2026,5,passing_yards,00-0040743,Tyler Shough,NO,QB,223.74136697954322,54.07279029462738,300.75,,False
2026,5,passing_yards,00-0039732,Bo Nix,DEN,QB,222.27255960285612,52.33968804159446,204.75,,False
2026,5,passing_yards,00-0034857,Josh Allen,BUF,QB,218.79260420332318,49.566724436741765,259.75,,False
2026,5,passing_yards,00-0036971,Trevor Lawrence,JAX,QB,218.1928400247081,49.04679376083189,210.75,,False
2026,5,passing_yards,00-0035710,Daniel Jones,IND,QB,216.15732057402988,47.83362218370884,188.5,,False
2026,5,passing_yards,00-0039163,C.J. Stroud,HOU,QB,214.70754136535876,46.2738301559792,285.25,,False
2026,5,passing_yards,00-0033537,Deshaun Watson,CLE,QB,203.78291689299314,37.78162911611785,213.75,,False
2026,5,passing_yards,00-0036355,Justin Herbert,LAC,QB,196.503026906058,33.96880415944541,204.0,,False
2026,5,passing_yards,00-0036389,Jalen Hurts,PHI,QB,183.36188909938497,26.51646447140381,178.25,,False
2026,5,passing_yards,00-0039917,Michael Penix Jr.,ATL,QB,181.1711250199684,25.30329289428076,207.75,,False
2026,5,passing_yards,00-0028986,Case Keenum,CHI,QB,166.32231410116123,17.33102253032929,179.33333333333334,,False
2026,5,passing_yards,00-0034869,Sam Darnold,SEA,QB,165.7569554288972,16.984402079722706,189.5,,False
2026,5,passing_yards,00-0034796,Lamar Jackson,BAL,QB,164.68672300476823,16.63778162911612,241.75,,False
2026,5,passing_yards,00-0032950,Carson Wentz,MIN,QB,164.06772274448483,16.63778162911612,183.25,,False
2026,5,passing_yards,00-0040676,Cam Ward,TEN,QB,164.3558230606635,16.63778162911612,181.5,,False
2026,5,passing_yards,00-0035228,Kyler Murray,MIN,QB,156.58490320545474,13.69150779896014,163.25,,False
2026,5,passing_yards,00-0040691,Jaxson Dart,NYG,QB,145.66422191894054,9.532062391681109,171.75,,False
2026,5,passing_yards,00-0039910,Jayden Daniels,WAS,QB,135.00042167512453,6.932409012131716,122.75,,False
2026,5,passing_yards,00-0038128,Malik Willis,MIA,QB,131.63931420312804,6.412478336221837,178.0,,False
2026,5,passing_yards,00-0031503,Jameis Winston,NYG,QB,125.23119849724547,4.15944540727903,119.75,,False
2026,5,passing_yards,00-0040668,Shedeur Sanders,CLE,QB,91.24088659022395,0.17331022530329288,113.5,,False
2026,5,passing_yards,00-0033662,Cooper Rush,ATL,QB,75.00875117270775,0.0,120.0,,False
2026,5,passing_yards,00-0034771,Mason Rudolph,PIT,QB,59.33261180064551,0.0,74.5,,False
2026,5,passing_yards,00-0035704,Drew Lock,SEA,QB,53.08999727864733,0.0,105.5,,False
2026,5,passing_yards,00-0032268,Marcus Mariota,WAS,QB,54.77433997531776,0.0,108.75,,False
2026,5,passing_yards,00-0038416,Tyson Bagent,CHI,QB,65.08657507828468,0.0,92.25,,False
2026,5,passing_yards,00-0038476,Tommy DeVito,NE,QB,55.24206686283171,0.0,75.25,,False
2026,5,passing_tds,00-0026498,Matthew Stafford,LA,QB,2.2119752278753846,94.97400346620451,1.5,,False
2026,5,passing_tds,00-0033119,Jacoby Brissett,ARI,QB,2.105397009271153,92.5476603119584,1.5,,False
2026,5,passing_tds,00-0033106,Jared Goff,DET,QB,2.1073481970577785,92.5476603119584,2.25,,False
2026,5,passing_tds,00-0036442,Joe Burrow,CIN,QB,2.0115391107783274,89.25476603119584,1.75,,False
2026,5,passing_tds,00-0039851,Drake Maye,NE,QB,1.801795406800695,79.20277296360484,1.0,,False
2026,5,passing_tds,00-0039918,Caleb Williams,CHI,QB,1.7849250713060816,78.16291161178509,1.5,,False
2026,5,passing_tds,00-0036971,Trevor Lawrence,JAX,QB,1.7662209664683326,77.46967071057192,2.0,,False
2026,5,passing_tds,00-0037834,Brock Purdy,SF,QB,1.7076494520149617,74.69670710571924,2.75,,False
2026,5,passing_tds,00-0036264,Jordan Love,GB,QB,1.6676698233115705,72.44367417677643,2.0,,False
2026,5,passing_tds,00-0039917,Michael Penix Jr.,ATL,QB,1.6355428464420656,70.8838821490468,0.75,,False
2026,5,passing_tds,00-0039163,C.J. Stroud,HOU,QB,1.5934264328109198,67.76429809358753,1.25,,False
2026,5,passing_tds,00-0023459,Aaron Rodgers,PIT,QB,1.5814340026024662,67.24436741767764,1.75,,False
2026,5,passing_tds,00-0034857,Josh Allen,BUF,QB,1.5428435446753914,65.33795493934143,1.5,,False
2026,5,passing_tds,00-0030565,Geno Smith,NYJ,QB,1.5384679652367834,65.16464471403813,1.25,,False
2026,5,passing_tds,00-0039732,Bo Nix,DEN,QB,1.4826148535678636,62.911611785095324,1.25,,False
2026,5,passing_tds,00-0029604,Kirk Cousins,LV,QB,1.3639618776086377,55.80589254766031,2.75,,False
2026,5,passing_tds,00-0035710,Daniel Jones,IND,QB,1.3279362667751584,53.03292894280762,0.75,,False
2026,5,passing_tds,00-0040743,Tyler Shough,NO,QB,1.170509665969981,41.421143847487,2.25,,False
2026,5,passing_tds,00-0036355,Justin Herbert,LAC,QB,1.1031554249101576,36.56845753899481,1.0,,False
2026,5,passing_tds,00-0034869,Sam Darnold,SEA,QB,1.0618530783880502,34.1421143847487,1.5,,False
2026,5,passing_tds,00-0036389,Jalen Hurts,PHI,QB,1.0405261464790265,31.542461005199307,1.75,,False
2026,5,passing_tds,00-0031503,Jameis Winston,NYG,QB,0.8861149914837251,21.143847487001732,0.75,,False
2026,5,passing_tds,00-0033537,Deshaun Watson,CLE,QB,0.8713488199095901,19.75736568457539,1.5,,False
2026,5,passing_tds,00-0028986,Case Keenum,CHI,QB,0.8517167840705064,18.717504332755635,1.0,,False
2026,5,passing_tds,00-0032950,Carson Wentz,MIN,QB,0.8529946789966089,18.717504332755635,1.0,,False
2026,5,passing_tds,00-0035228,Kyler Murray,MIN,QB,0.851079945291241,18.717504332755635,0.25,,False
2026,5,passing_tds,00-0034796,Lamar Jackson,BAL,QB,0.8112298752217262,16.11785095320624,1.5,,False
2026,5,passing_tds,00-0040676,Cam Ward,TEN,QB,0.7707991981342803,13.864818024263432,0.75,,False
2026,5,passing_tds,00-0038128,Malik Willis,MIA,QB,0.754497869289924,13.171577123050259,0.25,,False
2026,5,passing_tds,00-0039910,Jayden Daniels,WAS,QB,0.7073858697135589,9.01213171577123,0.75,,False
2026,5,passing_tds,00-0040691,Jaxson Dart,NYG,QB,0.7007538390755521,8.492201039861353,1.25,,False
2026,5,passing_tds,00-0040668,Shedeur Sanders,CLE,QB,0.517920634831693,2.4263431542461005,0.5,,False
2026,5,passing_tds,00-0038416,Tyson Bagent,CHI,QB,0.45449768238027116,2.079722703639515,0.0,,False
2026,5,passing_tds,00-0033662,Cooper Rush,ATL,QB,0.4372985187236557,1.9064124783362217,0.25,,False
2026,5,passing_tds,00-0035704,Drew Lock,SEA,QB,0.4011723520452373,0.8665511265164645,1.0,,False
2026,5,passing_tds,00-0034771,Mason Rudolph,PIT,QB,0.3934197338137208,0.6932409012131715,0.5,,False
2026,5,passing_tds,00-0038476,Tommy DeVito,NE,QB,0.362166420169982,0.34662045060658575,0.0,,False
2026,5,passing_tds,00-0032268,Marcus Mariota,WAS,QB,0.34638414972425485,0.0,1.0,,False
2026,5,rushing_yards,00-0037248,James Cook,BUF,RB,88.54155158953078,97.28571428571429,105.25,,False
2026,5,rushing_yards,00-0039139,Jahmyr Gibbs,DET,RB,87.13976331304971,96.78571428571429,88.25,,False
2026,5,rushing_yards,00-0038542,Bijan Robinson,ATL,RB,73.44056388249516,91.85714285714286,123.5,,False
2026,5,rushing_yards,00-0037840,Kyren Williams,LA,RB,69.47427094993289,89.35714285714286,73.5,,False
2026,5,rushing_yards,00-0036223,Jonathan Taylor,IND,RB,69.10420097179026,89.28571428571429,88.25,,False
2026,5,rushing_yards,00-0032764,Derrick Henry,BAL,RB,65.10289379586105,86.35714285714286,93.5,,False
2026,5,rushing_yards,00-0038597,Chase Brown,CIN,RB,63.11020401107454,84.42857142857143,51.75,,False
2026,5,rushing_yards,00-0037228,Jaylen Warren,PIT,RB,61.66161979267266,83.35714285714285,77.25,,False
2026,5,rushing_yards,00-0038120,Breece Hall,NYJ,RB,60.96675863852056,82.14285714285714,68.5,,False
2026,5,rushing_yards,00-0040122,Ashton Jeanty,LV,RB,58.33404903649984,79.14285714285715,66.0,,False
2026,5,rushing_yards,00-0033293,Aaron Jones,MIN,RB,56.91873174487958,77.92857142857143,74.25,,False
2026,5,rushing_yards,00-0036275,D'Andre Swift,CHI,RB,55.86125977569796,76.78571428571429,77.75,,False
2026,5,rushing_yards,00-0039040,De'Von Achane,MIA,RB,54.85874461804475,75.35714285714286,52.5,,False
2026,5,rushing_yards,00-0035261,Tony Pollard,TEN,RB,51.4619756265603,71.57142857142857,55.25,,False
2026,5,rushing_yards,00-0041027,Jeremiyah Love,ARI,RB,51.419785544705086,71.57142857142857,55.75,,False
2026,5,rushing_yards,00-0040719,Bhayshul Tuten,JAX,RB,51.125808127629874,71.21428571428572,69.25,,False
2026,5,rushing_yards,00-0040784,Quinshon Judkins,CLE,RB,50.60156329586403,70.35714285714286,44.25,,False
2026,5,rushing_yards,00-0040715,Cam Skattebo,NYG,RB,49.722939042224404,69.5,58.75,,False
2026,5,rushing_yards,00-0040666,Omarion Hampton,LAC,RB,48.81894744949572,68.78571428571428,59.5,,False
2026,5,rushing_yards,00-0033280,Christian McCaffrey,SF,RB,48.556371715765344,68.35714285714286,54.5,,False
2026,5,rushing_yards,00-0040734,TreVeyon Henderson,NE,RB,46.122794006814026,65.14285714285715,48.5,,False
2026,5,rushing_yards,00-0040236,Kyle Monangai,CHI,RB,45.44846830989164,64.64285714285715,81.0,,False
2026,5,rushing_yards,00-0036158,J.K. Dobbins,DEN,RB,43.010985494185576,61.78571428571429,40.25,,False
2026,5,rushing_yards,00-0036973,Travis Etienne,NO,RB,40.86178246838281,60.42857142857143,40.0,,False
2026,5,rushing_yards,00-0038797,Emanuel Wilson,SEA,RB,40.67214585140421,60.357142857142854,47.5,,False
2026,5,rushing_yards,00-0034844,Saquon Barkley,PHI,RB,40.188786448993476,60.07142857142858,45.5,,False
2026,5,rushing_yards,00-0035685,David Montgomery,HOU,RB,38.936182923291575,58.92857142857143,31.75,,False
2026,5,rushing_yards,00-0040242,Jacory Croskey-Merritt,WAS,RB,38.030302903109295,57.14285714285714,39.25,,False
2026,5,rushing_yards,00-0036139,Rico Dowdle,PIT,RB,34.94074259680123,53.714285714285715,26.5,,False
2026,5,rushing_yards,00-0039738,Blake Corum,LA,RB,34.54386496258662,53.42857142857142,40.5,,False
2026,5,rushing_yards,00-0036875,Rhamondre Stevenson,NE,RB,32.851375630021934,51.28571428571429,40.75,,False
2026,5,rushing_yards,00-0040583,Woody Marks,HOU,RB,31.324297938679845,49.214285714285715,21.75,,False
2026,5,rushing_yards,00-0037746,Brian Robinson,ATL,RB,30.440328364279903,47.92857142857142,48.5,,False
2026,5,rushing_yards,00-0041512,Jadarian Price,SEA,RB,29.741749626339136,46.714285714285715,39.666666666666664,,False
2026,5,rushing_yards,00-0036893,Najee Harris,NYG,RB,28.73749914924665,44.714285714285715,29.0,,False
2026,5,rushing_yards,00-0039794,Braelon Allen,NYJ,RB,27.409161130004346,41.785714285714285,30.0,,False
2026,5,rushing_yards,00-0039811,MarShawn Lloyd,GB,RB,27.31506984878844,41.57142857142857,20.25,,False
2026,5,rushing_yards,00-0037256,Rachaad White,WAS,RB,26.754368975746026,39.785714285714285,30.75,,False
2026,5,rushing_yards,00-0033906,Alvin Kamara,NO,RB,26.214279202649173,38.42857142857143,21.25,,False
2026,5,rushing_yards,00-0034857,Josh Allen,BUF,QB,25.668826627957372,36.92857142857143,29.5,,False
2026,5,receiving_yards,00-0039075,Puka Nacua,LA,WR,85.6675436867143,99.38988959907032,80.5,,False
2026,5,receiving_yards,00-0038543,Jaxon Smith-Njigba,SEA,WR,78.51143852870912,98.57640906449738,120.25,,False
2026,5,receiving_yards,00-0038559,Michael Wilson,ARI,WR,77.78176030756612,98.31493317838465,64.5,,False
2026,5,receiving_yards,00-0037238,Drake London,ATL,WR,77.46335303619918,98.19872167344566,92.5,,False
2026,5,receiving_yards,00-0037239,Chris Olave,NO,WR,73.85428677684078,97.03660662405578,122.75,,False
2026,5,receiving_yards,00-0036963,Amon-Ra St. Brown,DET,WR,73.58437590917583,96.97850087158628,75.75,,False
2026,5,receiving_yards,00-0037744,Trey McBride,ARI,TE,71.8719107828222,96.19407321324812,60.5,,False
2026,5,receiving_yards,00-0039064,Zay Flowers,BAL,WR,69.7425654717592,95.11911679256247,122.5,,False
2026,5,receiving_yards,00-0036554,Nico Collins,HOU,WR,64.56249107937154,91.71993027309703,77.25,,False
2026,5,receiving_yards,00-0031381,Davante Adams,LA,WR,63.13158945195411,90.61592097617664,97.5,,False
2026,5,receiving_yards,00-0037740,Garrett Wilson,NYJ,WR,61.680370118784985,89.4828588030215,67.5,,False
2026,5,receiving_yards,00-0036410,Tee Higgins,CIN,WR,61.03594203140528,88.66937826844857,100.25,,False
2026,5,receiving_yards,00-0039337,Malik Nabers,NYG,WR,60.85531848487007,88.4950610110401,52.0,,False
2026,5,receiving_yards,00-0038124,Christian Watson,GB,WR,59.88781973374324,87.42010459035444,82.75,,False
2026,5,receiving_yards,00-0038606,Parker Washington,JAX,WR,59.196614799889716,86.80999418942476,57.0,,False
2026,5,receiving_yards,00-0036900,Ja'Marr Chase,CIN,WR,59.07641505683216,86.75188843695526,53.0,,False
2026,5,receiving_yards,00-0039065,Sam LaPorta,DET,TE,58.804469279190066,86.49041255084254,57.0,,False
2026,5,receiving_yards,00-0039338,Brock Bowers,LV,TE,57.85998213682983,85.76409064497386,65.75,,False
2026,5,receiving_yards,00-0036322,Justin Jefferson,MIN,WR,57.757819775229734,85.76409064497386,70.0,,False
2026,5,receiving_yards,00-0041438,Carnell Tate,TEN,WR,57.8646129833949,85.76409064497386,67.0,,False
2026,5,receiving_yards,00-0036912,DeVonta Smith,PHI,WR,56.816027796560796,84.63102847181871,71.75,,False
2026,5,receiving_yards,00-0040735,Luther Burden III,CHI,WR,56.04745686549634,83.75944218477629,54.75,,False
2026,5,receiving_yards,00-0037240,Jameson Williams,DET,WR,56.028571890331534,83.73038930854155,57.25,,False
2026,5,receiving_yards,00-0031588,Stefon Diggs,WAS,WR,55.997720325398674,83.73038930854155,42.5,,False
2026,5,receiving_yards,00-0035659,Terry McLaurin,WAS,WR,54.879025965763574,82.5973271353864,49.5,,False
2026,5,receiving_yards,00-0041037,Denzel Boston,CLE,WR,53.750663541781016,81.34805345729227,71.0,,False
2026,5,receiving_yards,00-0033288,George Kittle,SF,TE,53.37718416132549,81.02847181871006,61.0,,False
2026,5,receiving_yards,00-0036613,Jaylen Waddle,DEN,WR,51.68457453818101,79.28529924462522,46.25,,False
2026,5,receiving_yards,00-0038117,Wan'Dale Robinson,TEN,WR,51.18006686041033,78.87855897733876,30.75,,False
2026,5,receiving_yards,00-0031408,Mike Evans,SF,WR,51.01234995116665,78.73329459616501,53.25,,False
2026,5,receiving_yards,00-0035640,DK Metcalf,PIT,WR,50.52429025883763,78.4137129575828,53.25,,False
2026,5,receiving_yards,00-0033555,Mack Hollins,NE,WR,49.2175493745329,77.4259151656014,52.25,,False
2026,5,receiving_yards,00-0038996,Tucker Kraft,GB,TE,48.81142773412902,77.13538640325393,37.0,,False
2026,5,receiving_yards,00-0038933,Dalton Kincaid,BUF,TE,48.6809009983836,76.99012202208019,67.5,,False
2026,5,receiving_yards,00-0037664,Alec Pierce,IND,WR,48.34790155117818,76.64148750726322,51.0,,False
2026,5,receiving_yards,00-0036040,Juwan Johnson,NO,TE,46.95671011671692,75.04357931435212,58.0,,False
2026,5,receiving_yards,00-0040663,Harold Fannin Jr.,CLE,TE,45.22607414913279,73.44567112144102,38.25,,False
2026,5,receiving_yards,00-0041547,KC Concepcion,CLE,WR,45.23384735366275,73.44567112144102,36.0,,False
2026,5,receiving_yards,00-0034960,Jakobi Meyers,JAX,WR,45.16565697031859,73.35851249273678,41.25,,False
2026,5,receiving_yards,00-0039919,Rome Odunze,CHI,WR,44.61221811101042,72.5740848343986,58.25,,False
2026,5,receptions,00-0037744,Trey McBride,ARI,TE,6.7387300854801,98.98314933178385,8.25,,False
2026,5,receptions,00-0039075,Puka Nacua,LA,WR,6.482578534756976,98.4020918070889,7.25,,False
2026,5,receptions,00-0036963,Amon-Ra St. Brown,DET,WR,6.433145901519827,98.3439860546194,7.75,,False
2026,5,receptions,00-0038543,Jaxon Smith-Njigba,SEA,WR,6.43873853096969,98.3439860546194,8.0,,False
2026,5,receptions,00-0038559,Michael Wilson,ARI,WR,6.234844751629046,97.82103428239395,6.25,,False
2026,5,receptions,00-0037239,Chris Olave,NO,WR,6.060891310389476,96.9203951191168,8.75,,False
2026,5,receptions,00-0039338,Brock Bowers,LV,TE,5.44591911668558,94.07321324811157,6.75,,False
2026,5,receptions,00-0037238,Drake London,ATL,WR,4.945730086330306,89.86054619407321,5.0,,False
2026,5,receptions,00-0039337,Malik Nabers,NYG,WR,4.81291202275047,88.32074375363162,4.5,,False
2026,5,receptions,00-0036900,Ja'Marr Chase,CIN,WR,4.768585376453356,87.68158047646718,5.25,,False
2026,5,receptions,00-0031381,Davante Adams,LA,WR,4.725145756405719,87.07147007553748,5.5,,False
2026,5,receptions,00-0036554,Nico Collins,HOU,WR,4.6597658044281,86.19988378849506,5.25,,False
2026,5,receptions,00-0037740,Garrett Wilson,NYJ,WR,4.633730144943169,85.85124927367809,6.0,,False
2026,5,receptions,00-0039064,Zay Flowers,BAL,WR,4.632627771654074,85.85124927367809,5.5,,False
2026,5,receptions,00-0039065,Sam LaPorta,DET,TE,4.56628225732599,84.86345148169669,5.5,,False
2026,5,receptions,00-0039139,Jahmyr Gibbs,DET,RB,4.516493206055668,84.16618245206276,5.5,,False
2026,5,receptions,00-0041438,Carnell Tate,TEN,WR,4.497081188832052,83.90470656595002,5.5,,False
2026,5,receptions,00-0033288,George Kittle,SF,TE,4.481309758933182,83.5851249273678,4.0,,False
2026,5,receptions,00-0036410,Tee Higgins,CIN,WR,4.438494635407695,82.88785589773387,6.25,,False
2026,5,receptions,00-0040128,Tyler Warren,IND,TE,4.384867882678986,82.1615339918652,5.75,,False
2026,5,receptions,00-0038117,Wan'Dale Robinson,TEN,WR,4.36621528906266,81.92911098198722,4.0,,False
2026,5,receptions,00-0040735,Luther Burden III,CHI,WR,4.3659183020932755,81.92911098198722,4.75,,False
2026,5,receptions,00-0036322,Justin Jefferson,MIN,WR,4.3525525162549465,81.609529343405,5.25,,False
2026,5,receptions,00-0033280,Christian McCaffrey,SF,RB,4.329436932310432,81.28994770482278,4.0,,False
2026,5,receptions,00-0031588,Stefon Diggs,WAS,WR,4.325389624451033,81.26089482858802,4.5,,False
2026,5,receptions,00-0041547,KC Concepcion,CLE,WR,4.251826631938474,79.75014526438117,4.25,,False
2026,5,receptions,00-0040663,Harold Fannin Jr.,CLE,TE,4.205050116426439,78.84950610110401,4.25,,False
2026,5,receptions,00-0036912,DeVonta Smith,PHI,WR,4.1529943499143345,77.89076118535735,5.5,,False
2026,5,receptions,00-0038606,Parker Washington,JAX,WR,4.079714803780159,76.8158047646717,4.0,,False
2026,5,receptions,00-0030279,Keenan Allen,IND,WR,4.062157643873449,76.14758861127252,5.0,,False
2026,5,receptions,00-0038124,Christian Watson,GB,WR,4.036093288592852,75.62463683904707,5.0,,False
2026,5,receptions,00-0040122,Ashton Jeanty,LV,RB,4.009999107560736,75.13073794305636,4.75,,False
2026,5,receptions,00-0038542,Bijan Robinson,ATL,RB,3.9898873163406696,74.92736780941314,3.5,,False
2026,5,receptions,00-0031408,Mike Evans,SF,WR,3.986401486876389,74.89831493317838,4.25,,False
2026,5,receptions,00-0035229,T.J. Hockenson,MIN,TE,3.939486678624196,74.05578152237071,5.5,,False
2026,5,receptions,00-0037261,Khalil Shakir,BUF,WR,3.8985860136596604,73.1260894828588,3.75,,False
2026,5,receptions,00-0036613,Jaylen Waddle,DEN,WR,3.8849310235454237,72.95177222545031,4.0,,False
2026,5,receptions,00-0038597,Chase Brown,CIN,RB,3.884787451755381,72.95177222545031,5.25,,False
2026,5,receptions,00-0034383,Dalton Schultz,HOU,TE,3.8864540591581487,72.95177222545031,5.25,,False
2026,5,receptions,00-0035640,DK Metcalf,PIT,WR,3.867618914608822,72.69029633933759,4.0,,False
